id,model_name,is_active,created_at,company_id,created_by_id,product_type_id,hsn_code,power_rating,price,description
1,"2PP Mounting Structure (Hot Dip Galvanised)",1,"2020-04-30 19:37:00.000000",1,1,1,NULL,NULL,NULL,NULL
2,"AC Cables (3.5Cx120sq. mm) Armoured Al POLYCAB",1,"2020-04-30 19:37:00.000000",1,1,1,NULL,NULL,NULL,NULL
3,"AC Cables (4Cx16sq. mm) Cu Flexible POLYCAB",1,"2020-04-30 19:37:00.000000",1,1,1,NULL,NULL,NULL,NULL
4,"AC Junction Box (Changeover)",1,"2020-04-30 19:37:00.000000",1,1,1,NULL,NULL,NULL,NULL
5,"Al Lugs (120 Sq. mm)",1,"2020-04-30 19:37:00.000000",1,1,1,NULL,NULL,NULL,NULL
6,"Al Lugs (16 Sq. mm)",1,"2020-04-30 19:37:00.000000",1,1,1,NULL,NULL,NULL,NULL
7,"Cable Ties (Stainless Steel)",1,"2020-04-30 19:37:00.000000",1,1,1,NULL,NULL,NULL,NULL
8,"Cable Ties (UV Protected PVC)",1,"2020-04-30 19:37:00.000000",1,1,1,NULL,NULL,NULL,NULL
9,"Cable Trays (Galvanised Iron) 50x25 mm",1,"2020-04-30 19:37:00.000000",1,1,1,NULL,NULL,NULL,NULL
10,"Cable Trays (Galvanised Iron) 50x40mm",1,"2020-04-30 19:37:00.000000",1,1,1,NULL,NULL,NULL,NULL
11,"Chemical Earthing Backfill Compound (JMV)",1,"2020-04-30 19:37:00.000000",1,1,1,NULL,NULL,NULL,NULL
12,"Copper Bonded Earthing Rod (17mm x 3mtr)",1,"2020-04-30 19:37:00.000000",1,1,1,NULL,NULL,NULL,NULL
13,"Cu Cable 1Cx70sq. mm Flexible (HAVELLS)",1,"2020-04-30 19:37:00.000000",1,1,1,NULL,NULL,NULL,NULL
14,"Cu Lugs (16 Sq. mm)",1,"2020-04-30 19:37:00.000000",1,1,1,NULL,NULL,NULL,NULL
15,"Electrical Tapes",1,"2020-04-30 19:37:00.000000",1,1,1,NULL,NULL,NULL,NULL
16,"Safety Boards & Signages",1,"2020-04-30 19:37:00.000000",1,1,1,NULL,NULL,NULL,NULL
17,"Solar DC Cables (1Cx4sq. mm) - TUV Approved",1,"2020-04-30 19:37:00.000000",1,1,1,NULL,NULL,NULL,NULL
18,"Solar LT Panel for 100 KW",1,"2020-04-30 19:37:00.000000",1,1,1,NULL,NULL,NULL,NULL
19,"Zinc Coating Anti-Rust Spray for GI",1,"2020-04-30 19:37:00.000000",1,1,1,NULL,NULL,NULL,NULL
20,"Growatt 5000UE",1,"2020-04-30 19:37:00.000000",2,1,2,85446090,NULL,NULL,NULL
21,"Growatt 10000UE",1,"2020-04-30 19:37:00.000000",2,1,2,85446090,NULL,NULL,NULL
22,"Growatt 5000",1,"2020-04-30 19:37:00.000000",2,1,2,85446090,NULL,NULL,NULL
23,"CS6P 255P",1,"2020-04-30 19:37:00.000000",3,1,3,85414011,255,23,NULL
24,"CS6X 315P",1,"2020-04-30 19:37:00.000000",3,1,3,85414011,315,23,NULL
25,"Surge Protection Device 600V DC",1,"2020-04-30 19:37:00.000000",2,1,1,NULL,NULL,NULL,NULL
26,"Growatt 3000",1,"2020-04-30 19:37:00.000000",2,1,2,85446090,NULL,NULL,NULL
27,"Growatt 2000",1,"2020-04-30 19:37:00.000000",2,1,4,85371000,NULL,NULL,NULL
28,"CS6P 265P",1,"2020-04-30 19:37:00.000000",3,1,3,85414011,265,23,NULL
29,"SG 30KTL-M",1,"2020-04-30 19:37:00.000000",4,1,5,85044090,0,NULL,NULL
30,"CS6X 310P",1,"2020-04-30 19:37:00.000000",3,1,3,85414011,310,23,NULL
31,"Growatt 20000UE",1,"2020-04-30 19:37:00.000000",2,1,5,85044090,20000,NULL,NULL
32,"Growatt 1000",1,"2020-04-30 19:37:00.000000",2,1,5,85044090,1000,NULL,NULL
33,"Solar Mounting Structure",1,"2020-04-30 19:37:00.000000",1,1,1,NULL,NULL,NULL,NULL
34,"SG 50KTL-M",1,"2020-04-30 19:37:00.000000",4,1,5,85044090,NULL,NULL,NULL
35,"Growatt 12000UE",1,"2020-04-30 19:37:00.000000",2,1,5,85044090,NULL,NULL,NULL
36,"Growatt 18000UE",1,"2020-04-30 19:37:00.000000",2,1,5,85044090,NULL,NULL,NULL
37,"SG 60 KTL",1,"2020-04-30 19:37:00.000000",4,1,5,85044090,NULL,NULL,NULL
38,"Array Junction Box",1,"2020-04-30 19:37:00.000000",5,1,1,NULL,NULL,NULL,NULL
39,"CS6X 320P",1,"2020-04-30 19:37:00.000000",3,1,3,85414011,320,23,NULL
40,"AC Distribution Box",1,"2020-04-30 19:37:00.000000",1,1,1,NULL,NULL,NULL,NULL
41,"Earthing Strip (Galvanised Iron) 25x3mm",1,"2020-04-30 19:37:00.000000",1,1,1,NULL,NULL,NULL,NULL
42,"1C X4 Sqmm UV Protected Cu Cable",1,"2020-04-30 19:37:00.000000",1,1,1,NULL,NULL,NULL,NULL
43,"3.5C x 50 Sqmm, PVC Insulated Al Cable",1,"2020-04-30 19:37:00.000000",1,1,5,85044090,NULL,NULL,NULL
44,"Earthing Kit Along with Assesories
",1,"2020-04-30 19:37:00.000000",1,1,1,NULL,NULL,NULL,NULL
45,"Cable Trays (Galvanised Iron) 150x40mm",1,"2020-04-30 19:37:00.000000",1,1,1,NULL,NULL,NULL,NULL
46,"MC4 Connectors",1,"2020-04-30 19:37:00.000000",1,1,1,85381090,NULL,NULL,NULL
47,"Growatt Data Logger",1,"2020-04-30 19:37:00.000000",2,1,5,85044090,NULL,NULL,NULL
48,"Growatt 6000UE",1,"2020-04-30 19:37:00.000000",2,1,5,85044090,NULL,NULL,NULL
49,"1C X 4sqmm Green Cu Earthing Cable",1,"2020-04-30 19:37:00.000000",1,1,1,NULL,NULL,NULL,NULL
50,"1C x 2.5sqmm PVC Insulated Cu Cable",1,"2020-04-30 19:37:00.000000",1,1,1,NULL,NULL,NULL,NULL
51,"3.5C x 25 Sq. mm Cu Cable (AC)",1,"2020-04-30 19:37:00.000000",1,1,5,85044090,NULL,NULL,NULL
52,"CAT 6 / RS 485 Communication Cable Unarmoured",1,"2020-04-30 19:37:00.000000",1,1,1,NULL,NULL,NULL,NULL
53,"Civil Material",1,"2020-04-30 19:37:00.000000",1,1,1,NULL,NULL,NULL,NULL
54,"Data Logger & WMS",1,"2020-04-30 19:37:00.000000",1,1,1,8504,NULL,NULL,NULL
55,"Fire Fighting Equipment's",1,"2020-04-30 19:37:00.000000",1,1,1,NULL,NULL,NULL,NULL
56,"Spike Type Lightning Arrestor",1,"2020-04-30 19:37:00.000000",1,1,1,NULL,NULL,NULL,NULL
57,"Shine WiFi",1,"2020-04-30 19:37:00.000000",2,1,1,NULL,NULL,NULL,NULL
58,"SunGrow Data Logger",1,"2020-04-30 19:37:00.000000",4,1,1,8504,NULL,NULL,NULL
59,DCDB,1,"2020-04-30 19:37:00.000000",5,1,1,85042310,NULL,NULL,NULL
60,"Growatt 5500MTL-S",1,"2020-04-30 19:37:00.000000",2,1,5,85044090,NULL,NULL,NULL
61,"Balance of System Components",1,"2020-04-30 19:37:00.000000",1,1,1,NULL,NULL,NULL,NULL
62,"Shine Web Box",1,"2020-04-30 19:37:00.000000",2,1,1,NULL,NULL,NULL,NULL
63,"CS6U 320P",1,"2020-04-30 19:37:00.000000",3,1,3,85414011,320,23,NULL
64,"Solax X1 Boost 5000",1,"2020-04-30 19:37:00.000000",6,1,5,85044090,NULL,NULL,NULL
65,"Solax X1 Boost 4200",1,"2020-04-30 19:37:00.000000",6,1,5,85044090,NULL,NULL,NULL
66,"Solax X1 Mini 2000 WiFi",1,"2020-04-30 19:37:00.000000",6,1,5,85044090,NULL,NULL,NULL
67,"Solax X1 Air 3000",1,"2020-04-30 19:37:00.000000",6,1,5,85044090,NULL,NULL,NULL
68,"Solax X3 ZDNY-TL20000(S)",1,"2020-04-30 19:37:00.000000",6,1,5,85044090,NULL,NULL,NULL
69,"Solax X1 Mini 1100",1,"2020-04-30 19:37:00.000000",6,1,5,85044090,NULL,NULL,NULL
70,"CS6U 325P",1,"2020-04-30 19:37:00.000000",3,1,3,85414011,325,23,NULL
71,"CS6U 330M",0,"2020-04-30 19:37:00.000000",3,1,5,NULL,NULL,NULL,NULL
72,3.5Cx120sqmm,1,"2020-04-30 19:37:00.000000",5,1,5,85044090,NULL,NULL,NULL
73,"4Cx16sqmm Al ARMD Cable",1,"2020-04-30 19:37:00.000000",5,1,5,85044090,NULL,NULL,NULL
74,"Anchor Bolts",1,"2020-04-30 19:37:00.000000",5,1,1,NULL,NULL,NULL,NULL
75,"Cable Conduits",1,"2020-04-30 19:37:00.000000",5,1,1,NULL,NULL,NULL,NULL
76,"Earthing Pit Cover",1,"2020-04-30 19:37:00.000000",5,1,1,NULL,NULL,NULL,NULL
77,"PVC Bends",1,"2020-04-30 19:37:00.000000",5,1,1,NULL,NULL,NULL,NULL
78,"Ring Type Lugs",1,"2020-04-30 19:37:00.000000",5,1,1,NULL,NULL,NULL,NULL
79,"T's for Cable Connection",1,"2020-04-30 19:37:00.000000",5,1,1,NULL,NULL,NULL,NULL
80,"Solax X3 ZDNY-TL10000(S)",1,"2020-04-30 19:37:00.000000",6,1,5,85044090,NULL,NULL,NULL
81,"Isolation Transformer",1,"2020-04-30 19:37:00.000000",2,1,1,NULL,NULL,NULL,NULL
82,"Solax RMU",1,"2020-04-30 19:37:00.000000",6,1,1,NULL,NULL,NULL,NULL
83,"Solax X1 BOOST 3000",1,"2020-04-30 19:37:00.000000",6,1,5,85044090,NULL,NULL,NULL
84,CS6U-315P,0,"2020-04-30 19:37:00.000000",3,1,3,NULL,NULL,NULL,NULL
85,"Solax X3 ZDNY-TL 15000 (S)",1,"2020-04-30 19:37:00.000000",6,1,5,85044090,NULL,NULL,NULL
86,"CS6U 330P",1,"2020-04-30 19:37:00.000000",3,1,3,85414011,330,23,NULL
87,"SE-Datalogger Panel",1,"2020-04-30 19:37:00.000000",7,1,1,8504,NULL,NULL,NULL
88,"Fronius 27kw",1,"2020-04-30 19:37:00.000000",8,1,5,85044090,NULL,NULL,"Three Phase Inverter with  97% efficiency, 27.0kW,  Input DC Voltage: 80/600 and  Input Current (A): 18"
89,"Data Logger LogPro M5",1,"2020-04-30 19:37:00.000000",4,1,1,8504,NULL,NULL,NULL
90,"Growatt 4200MTL-S",1,"2020-04-30 19:37:00.000000",2,1,5,85044090,NULL,NULL,NULL
91,"CLCON-Power Supply",1,"2020-04-30 19:37:00.000000",9,1,1,NULL,NULL,NULL,NULL
92,"Inverter Manager-10",1,"2020-04-30 19:37:00.000000",9,1,1,NULL,NULL,NULL,NULL
93,"SMA 60KTL",1,"2020-04-30 19:37:00.000000",9,1,1,NULL,NULL,NULL,NULL
94,GW6000-DT,1,"2020-04-30 19:37:00.000000",10,1,5,85044090,NULL,NULL,NULL
95,GW5000-DT,1,"2020-04-30 19:37:00.000000",10,1,5,85044090,NULL,NULL,NULL
96,GW8000-DT,1,"2020-04-30 19:37:00.000000",10,1,5,85044090,NULL,NULL,NULL
97,KSG-30KW,1,"2020-04-30 19:37:00.000000",11,1,5,85044090,NULL,NULL,NULL
98,KSG-10KW,1,"2020-04-30 19:37:00.000000",11,1,5,85044090,NULL,NULL,NULL
99,"Growatt 1000-S",1,"2020-04-30 19:37:00.000000",2,1,5,85044090,NULL,NULL,NULL
100,"Growatt 2000-S",1,"2020-04-30 19:37:00.000000",2,1,5,85044090,NULL,NULL,NULL
101,"Growatt 3000-S",1,"2020-04-30 19:37:00.000000",2,1,5,85044090,NULL,NULL,NULL
104,"Fronius Eco 25.0-3-S  WLAN",1,"2020-04-30 19:37:00.000000",8,1,5,NULL,NULL,NULL,NULL
105,"Solax Export Control Meter",1,"2020-04-30 19:37:00.000000",6,1,1,NULL,NULL,NULL,NULL
106,GW10KN-DT,1,"2020-04-30 19:37:00.000000",10,1,5,85044090,NULL,NULL,NULL
107,"Fronius ECO-27.0-3-S (Lite)",1,"2020-04-30 19:37:00.000000",8,1,5,85044090,NULL,NULL,"Three Phase Inverter with 98.2% efficiency , 27.0kW,  Input DC Voltage: 580/1000,  Input Current (A): 44.2, MPPT: 1"
108,"Fronius Symo 17.5-3-M Lite",1,"2020-04-30 19:37:00.000000",8,1,5,85044090,NULL,NULL,"Three Phase Inverter with 97.3 % efficiency , 17.5 kW, Input DC Voltage: 325/1000,  Input Current (A): 50, MPPT: 2"
109,"Solar Radiation Sensor",1,"2020-04-30 19:37:00.000000",5,1,1,NULL,NULL,NULL,NULL
110,"Fronius Symo 10.0-3-M Lite",1,"2020-04-30 19:37:00.000000",8,1,5,85044090,NULL,NULL,"Three Phase Inverter with 97.3 % efficiency , 10.0 kW, Input DC Voltage: 325/1000,  Input Current (A): 50, MPPT: 2"
111,KSG-3KW,1,"2020-04-30 19:37:00.000000",11,1,5,85044090,NULL,NULL,NULL
112,KSG-1KW,1,"2020-04-30 19:37:00.000000",11,1,5,85044090,NULL,NULL,NULL
113,"CS6U 310P",1,"2020-04-30 19:37:00.000000",3,1,3,85414011,310,23,NULL
114,"Fronius Symo 3.7-3-S",1,"2020-04-30 19:37:00.000000",8,1,5,85044090,NULL,70720,"Three Phase Inverter with 97.3 % efficiency , 3.7 kW, Input DC Voltage: 325/1000,  Input Current (A): 50, MPPT: 1"
115,KSG-50KW,1,"2020-04-30 19:37:00.000000",11,1,5,85044090,NULL,NULL,NULL
116,"Fronius Eco 27.0-3-S Full",1,"2020-04-30 19:37:00.000000",8,1,5,85044090,NULL,136410,"Three Phase Inverter with Data Manager, Efficiency: 98.2%, 27.0kW,  Input DC Voltage: 580/1000,  Input Current (A): 44.2, MPPT: 1"
117,"Fronius Eco 25.0-3-S Full",1,"2020-04-30 19:37:00.000000",8,1,5,85044090,NULL,NULL,"Three Phase Inverter  with Data Manager, Efficiency: 98.2% , 25.0kW,  Input DC Voltage: 580/1000,  Input Current (A): 44.2, MPPT: 1"
118,"Fronius Eco 25.0-3-S Lite",1,"2020-04-30 19:37:00.000000",8,1,5,85044090,NULL,NULL,"Three Phase Inverter with 98.2% efficiency , 25.0kW,  Input DC Voltage: 580/1000,  Input Current (A): 44.2, MPPT: 1"
119,"Fronius Symo 8.2-3-M",1,"2020-04-30 19:37:00.000000",8,1,5,85044090,NULL,99850,"Three Phase Inverter with 97.3 % efficiency , 8.2 kW, Input DC Voltage: 325/1000,  Input Current (A): 50, MPPT: 2"
120,"Fronius Symo 20.0-3-M (Full)",1,"2020-04-30 19:37:00.000000",8,1,5,85044090,NULL,NULL,"Three Phase Inverter with Data Manager, Efficiency : 97.3 % , 20.0 kW, Input DC Voltage: 325/1000,  Input Current (A): 50, MPPT: 2"
121,"Fronius Symo 20.0-3-M (Lite)",1,"2020-04-30 19:37:00.000000",8,1,5,85044090,NULL,NULL,"Three Phase Inverter with 97.3 % efficiency , 20.0 kW, Input DC Voltage: 325/1000,  Input Current (A): 50, MPPT: 2"
122,CS6U-305P,0,"2020-04-30 19:37:00.000000",3,1,3,NULL,NULL,NULL,NULL
123,"CS6X 325P",1,"2020-04-30 19:37:00.000000",3,1,3,85414011,325,23,NULL
124,"Fronius Eco 25.0-3-S Lite1",1,"2020-04-30 19:37:00.000000",8,1,5,85044090,NULL,NULL,"Three Phase Inverter with 98.2% efficiency , 25.0kW,  Input DC Voltage: 580/1000,  Input Current (A): 44.2, MPPT: 1"
125,"Fronius Symo 17.5-3-M WLAN",1,"2020-04-30 19:37:00.000000",8,1,5,85044090,NULL,NULL,"Three Phase Inverter with 97.3 % efficiency , 17.5 kW, Input DC Voltage: 325/1000,  Input Current (A): 50, MPPT: 2"
126,"Fronius Symo 4.5-3-S",1,"2020-04-30 19:37:00.000000",8,1,5,85044090,NULL,78400,"Three Phase Inverter with 97.3 % efficiency , 4.5 kW, Input DC Voltage: 325/1000,  Input Current (A): 50, MPPT: 1"
127,"Power Supply",1,"2020-04-30 19:37:00.000000",12,1,1,NULL,NULL,NULL,NULL
128,KSG-2KW,1,"2020-04-30 19:37:00.000000",11,1,5,85044090,NULL,NULL,NULL
129,"Fronius Symo 12.5-3 -M Lite",1,"2020-04-30 19:37:00.000000",8,1,1,85044090,NULL,NULL,"Three Phase Inverter with 97.3 % efficiency , 12.5 kW, Input DC Voltage: 325/1000,  Input Current (A): 50, MPPT: 2"
130,"Fronius Data Manager",1,"2020-04-30 19:37:00.000000",8,1,1,NULL,NULL,NULL,NULL
131,"Smart Meter 50KA",1,"2020-04-30 19:37:00.000000",8,1,1,8504,NULL,NULL,NULL
132,KSG-5KW,1,"2020-04-30 19:37:00.000000",11,1,5,85044090,NULL,NULL,NULL
133,KSG-60KW,1,"2020-04-30 19:37:00.000000",11,1,5,85044090,NULL,NULL,NULL
134,"Fronius Eco 27.0-3-S Lite",1,"2020-04-30 19:37:00.000000",8,1,5,85044090,NULL,NULL,"Three Phase Inverter with 98.2% efficiency , 27.0kW,  Input DC Voltage: 580/1000,  Input Current (A): 44.2, MPPT: 1"
135,"CS6U 315P",1,"2020-04-30 19:37:00.000000",3,1,3,85414011,315,23,NULL
136,"Solax X1 Mini 2000",1,"2020-04-30 19:37:00.000000",6,1,5,85044090,NULL,NULL,NULL
137,"Fronius Symo 6.0-3-M Full",1,"2020-04-30 19:37:00.000000",8,1,5,85044090,NULL,NULL,"Three Phase Inverter with Data Manager, Efficiency : 97.3 %, 6.0 kW, Input DC Voltage: 325/1000,  Input Current (A): 50, MPPT: 2"
138,"KACO 20KW",1,"2020-04-30 19:37:00.000000",13,1,5,85044090,NULL,NULL,NULL
139,"KACO 50KW",1,"2020-04-30 19:37:00.000000",13,1,5,85044090,NULL,NULL,NULL
140,"Additional Fronius Data Manager",1,"2020-04-30 19:37:00.000000",8,1,1,NULL,NULL,NULL,NULL
141,"Fronius Symo 12.5-3 -M Lite",1,"2020-04-30 19:37:00.000000",8,1,5,NULL,NULL,NULL,NULL
142,"Fronius Symo 3.7-3-S Full",1,"2020-04-30 19:37:00.000000",8,1,5,85044090,NULL,NULL,"Three Phase Inverter with Data Manager, Efficiency : 97.3 %, 3.7 kW, Input DC Voltage: 325/1000,  Input Current (A): 50, MPPT: 1"
143,"Fronius Symo 4.5-3-S Lite",1,"2020-04-30 19:37:00.000000",8,1,5,85044090,NULL,NULL,"Three Phase Inverter with 97.3 % efficiency , 4.5 kW, Input DC Voltage: 325/1000,  Input Current (A): 50, MPPT: 1"
144,"Data Logger LogPro",1,"2020-04-30 19:37:00.000000",5,1,1,8504,NULL,NULL,NULL
145,"Fronius Symo 10.0-3 -M Full",1,"2020-04-30 19:37:00.000000",8,1,5,85044090,NULL,NULL,"Three Phase Inverter with Data Manager, Efficiency : 97.3 % , 10.0 kW, Input DC Voltage: 325/1000,  Input Current (A): 50, MPPT: 2"
146,"Ambient Temperature Sensor",1,"2020-04-30 19:37:00.000000",5,1,1,NULL,NULL,NULL,NULL
147,"Module Temperature Sensor",1,"2020-04-30 19:37:00.000000",5,1,1,NULL,NULL,NULL,NULL
148,"RS485 Modbus",1,"2020-04-30 19:37:00.000000",5,1,1,NULL,NULL,NULL,NULL
149,"Wind Speed Sensor",1,"2020-04-30 19:37:00.000000",5,1,1,NULL,NULL,NULL,NULL
150,"Fronius Symo 20.0-3-M Full",1,"2020-04-30 19:37:00.000000",8,1,5,85044090,NULL,NULL,"Three Phase Inverter with Data Manager, Efficiency : 97.3 %, 20.0 kW, Input DC Voltage: 325/1000,  Input Current (A): 50, MPPT: 2"
151,"Less Fronius Data Manager",1,"2020-04-30 19:37:00.000000",8,1,1,NULL,NULL,NULL,NULL
152,"Solax X3 ZDNY-TL 20000(S)",1,"2020-04-30 19:37:00.000000",6,1,5,85044090,NULL,NULL,NULL
153,"Fronius Symo 8.2-3-M Full",1,"2020-04-30 19:37:00.000000",8,1,5,85044090,NULL,NULL,"Three Phase with Data Manager, Efficiency : 97.3 % , 8.2 kW, Input DC Voltage: 325/1000,  Input Current (A): 50, MPPT: 2"
154,"CS6U 305P",1,"2020-04-30 19:37:00.000000",3,1,3,85414011,305,23,NULL
155,"Fronius Symo 3.0-3-M Full",1,"2020-04-30 19:37:00.000000",8,1,5,85044090,NULL,NULL,"Three Phase Inverter with Data Manager, Efficiency : 97.3 % , 3.0 kW, Input DC Voltage: 325/1000,  Input Current (A): 50, MPPT: 2"
156,"Fronius Symo 3.0-3-M Lite",1,"2020-04-30 19:37:00.000000",8,1,5,85044090,NULL,NULL,"Three Phase Inverter with 97.3 % efficiency , 3.0 kW, Input DC Voltage: 325/1000,  Input Current (A): 50, MPPT: 2"
157,"Fronius Symo 3.7-3-M Lite",1,"2020-04-30 19:37:00.000000",8,1,5,85044090,NULL,NULL,"Three Phase Inverter with 97.3 % efficiency , 3.7 kW, Input DC Voltage: 325/1000,  Input Current (A): 50, MPPT: 2"
158,"Fronius Symo 4.5-3-S Full",1,"2020-04-30 19:37:00.000000",8,1,5,85044090,NULL,NULL,"Three Phase Inverter with Data Manager, Efficiency : 97.3 %, 4.5 kW, Input DC Voltage: 325/1000,  Input Current (A): 50, MPPT: 1"
159,"Fronius Primo 3.0-1 Lite",1,"2020-04-30 19:37:00.000000",8,1,5,85044090,NULL,NULL,"Single Phase Inverter with  97% efficiency, 3.0kW,  Input DC Voltage: 80/600 and  Input Current (A): 18"
160,"Fronius Symo 15.0-3-M Full",1,"2020-04-30 19:37:00.000000",8,1,5,85044090,NULL,NULL,"Three Phase Inverter with Data Manager, Efficiency : 97.3 %, 15.0 kW, Input DC Voltage: 325/1000,  Input Current (A): 50, MPPT: 2"
161,KSG-12KW,1,"2020-04-30 19:37:00.000000",11,1,5,85044090,NULL,NULL,NULL
162,KSG-17KW,1,"2020-04-30 19:37:00.000000",11,1,5,85044090,NULL,NULL,NULL
163,"Fronius Symo 5.0-3-M Full",1,"2020-04-30 19:37:00.000000",8,1,5,85044090,NULL,NULL,"Three Phase Inverter with Data Manager, Efficiency : 97.3 %, 5.0 kW, Input DC Voltage: 325/1000,  Input Current (A): 50, MPPT: 2"
164,"Fronius Symo 3.0-3-S Lite",1,"2020-04-30 19:37:00.000000",8,1,5,85044090,NULL,NULL,"Three Phase Inverter with 97.3 % efficiency , 3.0 kW, Input DC Voltage: 325/1000,  Input Current (A): 50, MPPT: 1"
165,KSG-20KW,1,"2020-04-30 19:37:00.000000",11,1,5,85044090,NULL,NULL,NULL
166,"Growatt RMU",1,"2020-04-30 19:37:00.000000",2,1,5,85044090,NULL,NULL,NULL
167,KSG-1.5KW,1,"2020-04-30 19:37:00.000000",11,1,5,85044090,NULL,NULL,NULL
168,"Fronius Symo 20.0-3-M Lite",1,"2020-04-30 19:37:00.000000",8,1,5,85044090,NULL,NULL,"Three Phase Inverter with 97.3 % efficiency , 20.0 kW, Input DC Voltage: 325/1000,  Input Current (A): 50, MPPT: 2"
169,"Fronius Symo 5.0-3-M Lite",1,"2020-04-30 19:37:00.000000",8,1,5,85044090,NULL,NULL,"Three Phase Inverter with 97.3 % efficiency , 5.0 kW, Input DC Voltage: 325/1000,  Input Current (A): 50, MPPT: 2"
170,"Fronius Symo 6.0-3-M Lite",1,"2020-04-30 19:37:00.000000",8,1,5,85044090,NULL,NULL,"Three Phase Inverter with 97.3 % efficiency , 6.0 kW, Input DC Voltage: 325/1000,  Input Current (A): 50, MPPT: 2"
171,"Fronius Primo 5.0-1 Lite",1,"2020-04-30 19:37:00.000000",8,1,5,85044090,NULL,NULL,"Single Phase Inverter with  97% efficiency, 5.0kW,  Input DC Voltage: 80/600 and  Input Current (A): 18"
172,"Solax X1 Boost 3300",1,"2020-04-30 19:37:00.000000",6,1,5,85044090,NULL,NULL,NULL
173,"Solar Power Generating Systems",1,"2020-04-30 19:37:00.000000",1,1,1,NULL,NULL,NULL,NULL
174,GW25K-DT,1,"2020-04-30 19:37:00.000000",10,1,5,85044090,NULL,NULL,NULL
175,"12V 100AH Lead Carbon Battery",1,"2020-04-30 19:37:00.000000",5,1,1,NULL,NULL,NULL,NULL
176,"48V 50AMPS Battery Charger",1,"2020-04-30 19:37:00.000000",5,1,1,85044030,NULL,NULL,NULL
177,"Controller 1000 Watt",1,"2020-04-30 19:37:00.000000",5,1,1,NULL,NULL,NULL,NULL
178,"Grid Export Control  Meter ( Fronious)",1,"2020-04-30 19:37:00.000000",8,1,1,NULL,NULL,NULL,NULL
180,"Kstar Data Logger",1,"2020-04-30 19:37:00.000000",11,1,1,8504,NULL,NULL,NULL
181,KSG-4KW,1,"2020-04-30 19:37:00.000000",11,1,5,85044090,NULL,NULL,NULL
182,GW-3000DT,1,"2020-04-30 19:37:00.000000",10,1,5,85044090,NULL,NULL,NULL
183,"Irradiation sensor",1,"2020-04-30 19:37:00.000000",8,1,1,NULL,NULL,8540,NULL
184,"Sensor  Wind Speed Fronius",1,"2020-04-30 19:37:00.000000",8,1,1,NULL,NULL,NULL,NULL
185,"Sensor-Card retrofit IG",1,"2020-04-30 19:37:00.000000",8,1,1,NULL,NULL,18710,NULL
186,"Fronius Primo 6.0-1 Lite",1,"2020-04-30 19:37:00.000000",8,1,5,85044090,NULL,NULL,"Single Phase Inverter with  97% efficiency, 6.0kW,  Input DC Voltage: 80/600 and  Input Current (A): 18"
187,"Fronius Primo 3.0-1 Full",1,"2020-04-30 19:37:00.000000",8,1,5,85044090,NULL,NULL,"Single Phase Inverter with Data Manager, Efficiency- 97%, 3.0kW,  Input DC Voltage: 80/600 and  Input Current (A): 18"
188,"Balance of Systems",1,"2020-04-30 19:37:00.000000",2,1,1,NULL,NULL,NULL,NULL
189,"CS3U 350P",1,"2020-04-30 19:37:00.000000",3,1,3,85414011,350,23,"Poly-crystalline with 1500V (IEC/UL) or 1000V (IEC/UL) voltage and 144 cell"
190,"Fronius Symo 12.5-3 -M Full",1,"2020-04-30 19:37:00.000000",8,1,5,85044090,NULL,NULL,"Three Phase Inverter with Data Manager, Efficiency : 97.3 %, 12.5 kW, Input DC Voltage: 325/1000,  Input Current (A): 50, MPPT: 2"
191,"Fronius Primo 5.0-1 Full",1,"2020-04-30 19:37:00.000000",8,1,5,85044090,NULL,NULL,"Single Phase Inverter with Data Manager, Efficiency- 97%, 5.0kW,  Input DC Voltage: 80/600 and  Input Current (A): 18"
192,"Fronius Primo 4.0-1 Full",1,"2020-04-30 19:37:00.000000",8,1,5,85044090,NULL,NULL,"Single Phase Inverter with Data Manager, Efficiency- 97%, 4.0kW,  Input DC Voltage: 80/600 and  Input Current (A): 18"
193,"CS6X 300P",1,"2020-04-30 19:37:00.000000",3,1,3,85414011,300,23,NULL
194,"Fronius Primo 3.5-1 Full",1,"2020-04-30 19:37:00.000000",8,1,5,85044090,NULL,NULL,"Single Phase Inverter with Data Manager, Efficiency- 97%, 3.5kW,  Input DC Voltage: 80/600 and  Input Current (A): 18"
195,"Kstar GPRS RTO",1,"2020-04-30 19:37:00.000000",11,1,1,NULL,NULL,NULL,NULL
196,"Fronius Primo 6.0-1 Full",1,"2020-04-30 19:37:00.000000",8,1,5,85044090,NULL,NULL,"Single Phase Inverter with Data Manager, Efficiency- 97%, 6.0kW,  Input DC Voltage: 80/600 and  Input Current (A): 18"
197,"Fronius Primo 8.2-1 Full",1,"2020-04-30 19:37:00.000000",8,1,5,85044090,NULL,NULL,"Single Phase Inverter with Data Manager, Efficiency- 97%, 8.2kW,  Input DC Voltage: 80/600 and  Input Current (A): 18"
198,"CS3U 345P",1,"2020-04-30 19:37:00.000000",3,1,3,85414011,345,23,NULL
199,"Fronius Primo 4.0-1 Lite",1,"2020-04-30 19:37:00.000000",8,1,5,85044090,NULL,NULL,"Single Phase Inverter with  97% efficiency, 4.0kW,  Input DC Voltage: 80/600 and  Input Current (A): 18"
200,"FRONIUS SYMO 7.0-3-M Lite",1,"2020-04-30 19:37:00.000000",8,1,5,85044090,NULL,NULL,"Three Phase Inverter with 97.3 % efficiency , 7.0 kW, Input DC Voltage: 325/1000,  Input Current (A): 50, MPPT: 2"
201,"CS3U 340P",1,"2020-04-30 19:37:00.000000",3,1,3,85414011,340,23,NULL
202,"Fronius Primo 4.6-1 Full",1,"2020-04-30 19:37:00.000000",8,1,5,85044090,NULL,NULL,"Single Phase Inverter with Data Manager, Efficiency- 97%, 4.6kW,  Input DC Voltage: 80/600 and  Input Current (A): 18"
203,"Chint Meter DTSU666-D",1,"2020-04-30 19:37:00.000000",6,1,1,NULL,NULL,NULL,NULL
204,"SOLAX X1 10000HYBRID INVERTER DUMMY",1,"2020-04-30 19:37:00.000000",6,1,5,85044090,NULL,NULL,NULL
205,"SOLAX X1 5000 HYBRID INVERTER",1,"2020-04-30 19:37:00.000000",6,1,5,85044090,NULL,NULL,NULL
206,KSTAR-15KW,1,"2020-04-30 19:37:00.000000",11,1,5,85044090,NULL,NULL,NULL
207,"AC Cable Terminator",1,"2020-04-30 19:37:00.000000",14,1,1,NULL,NULL,NULL,"Terminator Cap for Q Cable ends. "
208,"EnPhase 250W",1,"2020-04-30 19:37:00.000000",14,1,8,85044090,NULL,NULL,0
209,"EnPhase AC Cable",1,"2020-04-30 19:37:00.000000",14,1,1,NULL,NULL,NULL,NULL
210,"Engage Terminator Tool",1,"2020-04-30 19:37:00.000000",14,1,1,NULL,NULL,NULL,NULL
211,"Envoy Monitoring Solution",0,"2020-04-30 19:37:00.000000",14,1,1,NULL,NULL,NULL,NULL
212,"3M6 325P",1,"2020-04-30 19:37:00.000000",15,1,3,85414011,325,18.5,"Poly Crystalline Silicon Module with 1000 V Vdc, Highly reliable anti-reflective coated glass, IP67 Junction Box"
213,"CS3U 360P",1,"2020-04-30 19:37:00.000000",3,1,3,85414011,360,23,"Poly-crystalline with 1500V (IEC/UL) or 1000V (IEC/UL) voltage and 144 cell"
214,"Solax X3 -10.0-T-D",1,"2020-04-30 19:37:00.000000",6,1,5,85044090,NULL,NULL,NULL
215,"EnPhase Cable Terminator",1,"2020-04-30 19:37:00.000000",14,1,1,NULL,NULL,NULL,NULL
216,"3M6 320P",1,"2020-04-30 19:37:00.000000",15,1,3,85414011,320,18.5,"Poly Crystalline Silicon Module with 1000 V Vdc, Highly reliable anti-reflective coated glass, IP67 Junction Box"
217,"KACO 50.0TL3 BASIC",1,"2020-04-30 19:37:00.000000",13,1,5,85044090,NULL,NULL,NULL
218,"Solax X3-5.0-T-N",1,"2020-04-30 19:37:00.000000",6,1,5,85044090,NULL,NULL,NULL
219,"Solax X3-6. 0-TN",1,"2020-04-30 19:37:00.000000",6,1,5,85044090,NULL,NULL,NULL
220,"Fronius Symo 15.0-3-M Lite",1,"2020-04-30 19:37:00.000000",8,1,5,85044090,NULL,NULL,"Three Phase Inverter with 97.3 % efficiency , 15.0 kW, Input DC Voltage: 325/1000,  Input Current (A): 50, MPPT: 2"
221,"200A CT(CT-SPLIT-200)",0,"2020-04-30 19:37:00.000000",14,1,1,NULL,NULL,NULL,NULL
222,"3-Phase Coupler LPC01",1,"2020-04-30 19:37:00.000000",14,1,1,NULL,NULL,NULL,"Legrand Phase Coupler"
223,"Q-12-10-240 Q Cable",1,"2020-04-30 19:37:00.000000",14,1,1,NULL,NULL,NULL,"Q Cable for 60/72 cell 1.0m portrait module pitch. Connector pitch
is 1.3m. 240 Male connectors plus 2 bonus link connectors"
224,"Q-Cable Disconnect Tool",1,"2020-04-30 19:37:00.000000",14,1,1,NULL,NULL,NULL,"Disconnect tool for Q Cable connectors, MC and Amphenol DC
connectors, and AC module mount. "
225,"DCDB 2 IN 2OUT",1,"2020-04-30 19:37:00.000000",16,1,1,85042310,NULL,NULL,NULL
226,"DCDB 4 IN 4 OUT",1,"2020-04-30 19:37:00.000000",16,1,1,85042310,NULL,NULL,NULL
227,"DCDB 6 IN 6 OUT",1,"2020-04-30 19:37:00.000000",16,1,1,85042310,NULL,NULL,NULL
228,"RENEWSYS DESERV 3M6 265",1,"2020-04-30 19:37:00.000000",15,1,3,85414011,265,18.5,NULL
229,"CS3U 355P",1,"2020-04-30 19:37:00.000000",3,1,3,85414011,355,23,"Poly-crystalline with 1500V (IEC/UL) or 1000V (IEC/UL) voltage and 144 cell"
230,"SOLAX 3700-SE HYBRID INVERTER",1,"2020-04-30 19:37:00.000000",6,1,5,85044090,NULL,NULL,NULL
231,"SOLAX SK-SU5000(S) E HYBRID INVERTER",1,"2020-04-30 19:37:00.000000",6,1,5,85044090,NULL,NULL,NULL
232,"SOLAX X3 6.0-D-E HYBRID INVERTER",1,"2020-04-30 19:37:00.000000",6,1,5,85044090,NULL,NULL,NULL
233,"SOLAX X3 8.0-D-E HYBRID INVERTER",1,"2020-04-30 19:37:00.000000",6,1,5,85044090,NULL,NULL,NULL
234,"SOLAX X3-8.0-T-N",1,"2020-04-30 19:37:00.000000",6,1,5,85044090,NULL,NULL,NULL
235,"RENEWSYS DESERV C12 100P",1,"2020-04-30 19:37:00.000000",15,1,3,85414011,100,18.5,NULL
236,"RENEWSYS DESERV 3M6 315",1,"2020-04-30 19:37:00.000000",15,1,3,85414011,315,18.5,NULL
237,"L&T Connector",1,"2020-04-30 19:37:00.000000",6,1,1,NULL,NULL,NULL,NULL
238,"Engage Dis-connector Tool",1,"2020-04-30 19:37:00.000000",14,1,1,NULL,NULL,NULL,
239,"Engage Cable portrait Type 1Phase",1,"2020-04-30 19:37:00.000000",14,1,1,NULL,NULL,NULL,NULL
240,"Fronius Smart Meter 63A-3",1,"2020-04-30 19:37:00.000000",8,1,1,8504,NULL,14060,NULL
241,"Solax AC Gland",1,"2020-04-30 19:37:00.000000",6,1,1,NULL,NULL,NULL,NULL
242,"IQ6+ Micro Inverter",1,"2020-04-30 19:37:00.000000",14,1,8,NULL,NULL,NULL,"Enphase IQ 6+ microinverter, compatible with 60- and 72-cell PV
modules, 290VA peak power, MC4 DC connectors"
243,"P700 5RM4MRX",1,"2020-04-30 19:37:00.000000",17,1,1,85044090,NULL,NULL,NULL
244,SE27.6KIN000NNN2,1,"2020-04-30 19:37:00.000000",17,1,5,NULL,NULL,NULL,NULL
245,BYOB-KSG-X1-2000,1,"2020-04-30 19:37:00.000000",1,1,5,85044090,NULL,NULL,NULL
246,"Battery Module (BMS) - SC1000A - Master BMS",1,"2020-04-30 19:37:00.000000",18,1,6,NULL,NULL,NULL,NULL
247,"Battery Module (BMS)-SC500-100S - String BMS",1,"2020-04-30 19:37:00.000000",18,1,6,NULL,NULL,NULL,NULL
248,"Battery Module-H-48050 (48V 50Ah) - HV",1,"2020-04-30 19:37:00.000000",19,1,7,85076000,NULL,NULL,NULL
249,"Battery Module-USB2000B Plus (48V 50Ah) - LV",1,"2020-04-30 19:37:00.000000",19,1,7,85076000,NULL,NULL,NULL
250,"Pylontech Connectors Kits for Battery",1,"2020-04-30 19:37:00.000000",19,1,1,85381090,NULL,NULL,NULL
251,"Smart Meter 50kA-3",1,"2020-04-30 19:37:00.000000",8,1,1,8504,NULL,NULL,NULL
252,"KACO Blueplanet 20.2 TL3-SPD",1,"2020-04-30 19:37:00.000000",13,1,5,85044090,NULL,NULL,NULL
253,"Fronius Ambient Temperature Sensor",1,"2020-04-30 19:37:00.000000",8,1,1,NULL,NULL,NULL,NULL
254,"Fronius Irradiation Sensor",1,"2020-04-30 19:37:00.000000",8,1,1,NULL,NULL,NULL,NULL
255,"Fronius Sensor-Card Retrofir LG",1,"2020-04-30 19:37:00.000000",8,1,1,NULL,NULL,NULL,NULL
256,"KACO 50.0TL3 XL-INT",1,"2020-04-30 19:37:00.000000",13,1,5,85044090,NULL,NULL,NULL
257,"3S6 350P",1,"2020-04-30 19:37:00.000000",15,1,3,85414011,350,21,"Poly Crystalline Silicon Module with 1000 V Vdc, Highly reliable anti-reflective coated glass, IP67 Junction Box"
258,SE17K.IN000NNN2,1,"2020-04-30 19:37:00.000000",17,1,5,85044090,NULL,69783.84,NULL
259,BYOB-KSG-X1-3000,1,"2020-04-30 19:37:00.000000",1,1,4,85371000,NULL,NULL,NULL
260,"AC MCB 32A",1,"2020-04-30 19:37:00.000000",5,1,1,NULL,NULL,NULL,NULL
261,"DLMS RTU",1,"2020-04-30 19:37:00.000000",5,1,1,NULL,NULL,NULL,NULL
262,"Fronius Smart Meter 50KA-3",1,"2020-04-30 19:37:00.000000",8,1,1,8504,NULL,14060,NULL
263,"Fronious PCB Board",1,"2020-04-30 19:37:00.000000",8,1,1,NULL,NULL,NULL,NULL
264,"Q-CONN-10M Wireable Connector",1,"2020-04-30 19:37:00.000000",14,1,1,NULL,NULL,NULL,"Field-wireable connector for round Q Cable. "
265,"Q-CONN-10F Wireable Connector",1,"2020-04-30 19:37:00.000000",14,1,1,NULL,NULL,NULL,"Field-wireable connector for round Q Cable. "
266,"Q-Term-10 Terminator Cap",1,"2020-04-30 19:37:00.000000",14,1,1,NULL,NULL,NULL,"Terminator Cap for Q Cable ends. "
267,"Enphase LPC-01 Coupler",1,"2020-04-30 19:37:00.000000",14,1,1,NULL,NULL,NULL,NULL
268,"Primo 8.2-1 Lite",1,"2020-04-30 19:37:00.000000",8,1,5,85044090,NULL,NULL,
269,BYOB-KSG-X1-1000,1,"2020-04-30 19:37:00.000000",1,1,4,85371000,NULL,NULL,NULL
270,"4 Sqmm x 1 C LSZH TUV-TYPE1 DC SOLAR CABLE BK PL",1,"2020-04-30 19:37:00.000000",5,1,1,NULL,NULL,NULL,NULL
271,"SEOGT-7K50-7M50-096-C01-1 Statcon",1,"2020-04-30 19:37:00.000000",20,1,5,85044090,NULL,NULL,NULL
272,"LITHIUM ION BATTERY CELL",1,"2020-04-30 19:37:00.000000",21,1,7,85076000,NULL,NULL,NULL
273,CT-200-SPLIT,1,"2020-04-30 19:37:00.000000",14,1,1,NULL,NULL,NULL,"Split-core current transformer (CT), accuracy +/- 2.5%. "
274,"Q-Seal-10 Female Sealing",1,"2020-04-30 19:37:00.000000",14,1,1,NULL,NULL,NULL,"Female Sealing Cap for unused Q Cable connectors."
275,"3S6 365M",1,"2020-04-30 19:37:00.000000",15,1,3,85414011,365,22,"Mono Crystalline Silicon Module with 1000 V Vdc,  Highly reliable anti-reflective coated glass, IP67 Junction Box"
276,"Fronius 2.5 Data Manager Box",1,"2020-04-30 19:37:00.000000",8,1,1,NULL,NULL,NULL,NULL
277,"Inverted Li+ Battery Pack (12.8V 80Ah)",1,"2020-04-30 19:37:00.000000",21,1,7,85076000,NULL,NULL,NULL
278,"3M6 330P",1,"2020-04-30 19:37:00.000000",15,1,3,85414011,330,18.5,"Poly Crystalline Silicon Module with 1000 V Vdc, Highly reliable anti-reflective coated glass, IP67 Junction Box"
279,X3-4.0-T-N,1,"2020-04-30 19:37:00.000000",6,1,5,85044090,NULL,NULL,
280,X1-4.2-T-N,1,"2020-04-30 19:37:00.000000",6,1,5,85044090,NULL,NULL,
281,X1-5.3-T-N,1,"2020-04-30 19:37:00.000000",6,1,5,85044090,NULL,NULL,
282,X1-2.5-S-N,1,"2020-04-30 19:37:00.000000",6,1,5,85044090,NULL,NULL,
283,"Solar PCU Statcon 10KVA",1,"2020-04-30 19:37:00.000000",20,1,5,85044090,NULL,NULL,NULL
284,"Solax X1-3.3-S-N",1,"2020-04-30 19:37:00.000000",6,1,5,85044090,NULL,NULL,NULL
286,"Inverted Li+ Battery (12.8V 96Ah)",1,"2020-04-30 19:37:00.000000",21,1,7,85076000,NULL,NULL,NULL
287,"150 Sqmm x 3.5 CAlum Cable Pl",1,"2020-04-30 19:37:00.000000",5,1,1,NULL,NULL,NULL,NULL
288,"Cable Ties",1,"2020-04-30 19:37:00.000000",5,1,1,NULL,NULL,NULL,NULL
289,"MC4 CONNECTOR",1,"2020-04-30 19:37:00.000000",5,1,1,NULL,NULL,NULL,NULL
290,"Fronius Symo 3.0-3-S Full",1,"2020-04-30 19:37:00.000000",8,1,5,85044090,NULL,NULL,"Three Phase Inverter with Data Manager, Efficiency : 97.3 %, 3.0 kW, Input DC Voltage: 325/1000,  Input Current (A): 50, MPPT: 1"
291,"10 Sq MmX 4 Core Aluminium Armoured",1,"2020-04-30 19:37:00.000000",5,1,1,NULL,NULL,NULL,NULL
292,"ACDB 1 IN 1 OUT",1,"2020-04-30 19:37:00.000000",5,1,1,85371000,NULL,NULL,NULL
293,"Inverted Li+ Battery Pack (12.8V 30Ah)",1,"2020-04-30 19:37:00.000000",21,1,7,85076000,NULL,NULL,NULL
294,"Inverted Li+ Battery Pack (3.2V 6Ah)",1,"2020-04-30 19:37:00.000000",21,1,7,85076000,NULL,NULL,NULL
295,"Inverted Li+ Battery Pack (48V 22Ah)",1,"2020-04-30 19:37:00.000000",21,1,7,85076000,NULL,NULL,NULL
296,"20 UPVC Conduit",1,"2020-04-30 19:37:00.000000",5,1,1,NULL,NULL,NULL,NULL
297,"MS with Zinc Coating",1,"2020-04-30 19:37:00.000000",5,1,1,NULL,NULL,NULL,NULL
298,"NUT HEX FLG SERR 1/4"-20 304SS WAX-2000097",1,"2020-04-30 19:37:00.000000",5,1,1,NULL,NULL,NULL,NULL
299,"Ready Made Earthing Kit",1,"2020-04-30 19:37:00.000000",5,1,1,NULL,NULL,NULL,NULL
300,"Solar PV Moudle",1,"2020-04-30 19:37:00.000000",22,1,1,NULL,NULL,NULL,NULL
301,"3S6 360M",1,"2020-04-30 19:37:00.000000",15,1,3,85414011,360,22,"Mono Crystalline Silicon Module with 1000 V Vdc,  Highly reliable anti-reflective coated glass, IP67 Junction Box"
302,"Statcon 8KW Single Phase",1,"2020-04-30 19:37:00.000000",20,1,5,85044090,NULL,NULL,NULL
303,"Q-12-20-200 Q Cable",1,"2020-04-30 19:37:00.000000",14,1,1,NULL,NULL,NULL,"Q Cable for 72 cell 2.0m landscape module pitch. Connector pitch
is 2.3m. 2"
304,"4.0 SQMM X 1 CFR IND CBL 200M (Earthing Cable)",1,"2020-04-30 19:37:00.000000",5,1,1,NULL,NULL,NULL,NULL
305,"DCDB 4 IN 1 OUT",1,"2020-04-30 19:37:00.000000",5,1,1,85042310,NULL,NULL,NULL
306,"Lugs 4SQMM",1,"2020-04-30 19:37:00.000000",5,1,1,NULL,NULL,NULL,NULL
307,"3S6 370M",1,"2020-04-30 19:37:00.000000",15,1,3,85414011,370,22,"Mono Crystalline Silicon Module with 1000 V Vdc,  Highly reliable anti-reflective coated glass, IP67 Junction Box"
308,"Earthig Rod 17x2 With Chemical Bag",1,"2020-04-30 19:37:00.000000",5,1,1,NULL,NULL,NULL,NULL
309,"Lightening Arrester",1,"2020-04-30 19:37:00.000000",5,1,1,NULL,NULL,NULL,NULL
310,"CS3U 335P",1,"2020-04-30 19:37:00.000000",3,1,3,85414011,335,23,NULL
311,"Solar Module Mounting Structure",1,"2020-04-30 19:37:00.000000",5,1,1,NULL,NULL,NULL,NULL
312,"Elbow Bend Elbow",1,"2020-04-30 19:37:00.000000",5,1,1,NULL,NULL,NULL,NULL
313,"Tee Bend",1,"2020-04-30 19:37:00.000000",5,1,1,NULL,NULL,NULL,NULL
314,"U Bend",1,"2020-04-30 19:37:00.000000",5,1,1,NULL,NULL,NULL,NULL
315,"Hybrid Inverters 100KVA/240V 3P",1,"2020-04-30 19:37:00.000000",20,1,5,85044090,NULL,NULL,NULL
316,"ACDB 1PHASE 32A",1,"2020-04-30 19:37:00.000000",5,1,1,85371000,NULL,NULL,NULL
317,"AJB 2 IN 2 OUT",1,"2020-04-30 19:37:00.000000",5,1,1,NULL,NULL,NULL,NULL
318,BYOB-ENP-X1-6000,1,"2020-04-30 19:37:00.000000",1,1,4,85371000,NULL,NULL,NULL
319,"16SQMM X1 CFR IND CBL (Erthing Cable)",1,"2020-04-30 19:37:00.000000",5,1,1,NULL,NULL,NULL,NULL
320,"1Cx4mm DC Solar Cable LEONI (Red)",1,"2020-04-30 19:37:00.000000",23,1,2,85446090,NULL,NULL,NULL
321,"LEONI Solar Connector (B)",1,"2020-04-30 19:37:00.000000",23,1,2,85446090,NULL,NULL,NULL
322,"LEONI Solar Connector (R)",1,"2020-04-30 19:37:00.000000",23,1,2,85446090,NULL,NULL,NULL
323,P730-5RM4MRX,1,"2020-04-30 19:37:00.000000",17,1,1,85044090,NULL,NULL,"For 72 cells, 2 in series (portrait), 125V, output cable length 2.3m"
324,"1Cx4mm DC Solar Cable LEONI (Black)",1,"2020-04-30 19:37:00.000000",23,1,2,85446090,NULL,NULL,NULL
325,"BETAflam Solar 125 RV flex 1500V DC 6 mm2  leoni black",1,"2020-04-30 19:37:00.000000",23,1,2,NULL,NULL,NULL,NULL
326,"BETAflam Solar 125 RV flex 1500V DC 6 mm2  leoni red",1,"2020-04-30 19:37:00.000000",23,1,2,NULL,NULL,NULL,NULL
327,P850-5RM4MRM,1,"2020-04-30 19:37:00.000000",17,1,1,85044090,NULL,NULL,"For 72 cells, 2 in series (portrait), 125V, output cable length 1.2m"
328,"6SQ mm  Leoni Black Cable",1,"2020-04-30 19:37:00.000000",23,1,2,NULL,NULL,NULL,NULL
329,"6SQ mm  Leoni Red Cable",1,"2020-04-30 19:37:00.000000",23,1,2,NULL,NULL,NULL,NULL
330,"CS3W 400P",1,"2020-04-30 19:37:00.000000",3,1,3,85414011,400,24,"Poly-crystalline with 1500V (IEC/UL) or 1000V (IEC/UL) voltage and 144 cell"
331,P370-5RM4MRM,1,"2020-04-30 19:37:00.000000",17,1,1,85044090,NULL,2402.4,"For 72 cells, 60V, output cable length 1.2m"
332,"Inverted Li+ Battery Pack (12.8V 40Ah)",1,"2020-04-30 19:37:00.000000",21,1,7,85076000,NULL,NULL,NULL
333,"Battery Charger 75V 20A",1,"2020-04-30 19:37:00.000000",21,1,1,85044030,NULL,NULL,NULL
334,"Battery Charger CH4300",1,"2020-04-30 19:37:00.000000",21,1,1,85044030,NULL,NULL,NULL
335,"Inverted Li+ Battery Pack (48V 80Ah)",1,"2020-04-30 19:37:00.000000",21,1,7,85076000,NULL,NULL,NULL
336,"Inverted Li+ Battery Pack (48V 86Ah)",1,"2020-04-30 19:37:00.000000",21,1,7,85076000,NULL,NULL,NULL
337,SE55K-IN0P0BNU4,1,"2020-04-30 19:37:00.000000",17,1,5,85044090,NULL,157689.84,"Three Phase Inverter with synergy technology, 55kW, DC Switch and MC4"
338,SESU-RW0S0NNN4,1,"2020-04-30 19:37:00.000000",17,1,1,NULL,NULL,58926,"Three Phase Inverter with synergy technology, Secondary Unit"
339,"SE82.8K IN0P0BNU4",1,"2020-04-30 19:37:00.000000",17,1,5,85044090,NULL,NULL,
340,"3S6 375M",1,"2020-04-30 19:37:00.000000",15,1,3,85414011,375,22,"Mono Crystalline Silicon Module with 1000 V Vdc,  Highly reliable anti-reflective coated glass, IP67 Junction Box"
341,"Li+ Inverted Lithium Ion Battery 3.2V 2Ah",1,"2020-04-30 19:37:00.000000",21,1,7,85076000,NULL,NULL,NULL
342,SE4000H-IN000BNN4,1,"2020-04-30 19:37:00.000000",17,1,5,85044090,NULL,46628.4,"Single Phase inverter, 4.0kW, HD-Wave, Inverters with SetApp configuration"
344,"BETAflam Solar 125 RV flex 1500V DC 6 mm2 leoni(B)",1,"2020-04-30 19:37:00.000000",23,1,1,NULL,NULL,NULL,NULL
345,"Inverted Li+ Battery Pack (12.8V 60Ah)",1,"2020-04-30 19:37:00.000000",21,1,7,85076000,NULL,NULL,NULL
346,SE5K-INOTEBNN4,1,"2020-04-30 19:37:00.000000",17,1,5,85044090,NULL,60259.08,NULL
347,SE-ACT-0750-100,1,"2020-04-30 19:37:00.000000",17,1,1,NULL,NULL,1596,"100A Split-Core Current Transformer"
348,SE-WND-3Y400-MB-K2,1,"2020-04-30 19:37:00.000000",17,1,1,NULL,NULL,6567.12,"1PH/3PH 230/400V, Energy Meter with Modbus Connection, DIN-Rail"
349,SE-RS485-SPD2-B-K1,1,"2020-04-30 19:37:00.000000",17,1,1,NULL,NULL,NULL,"Surge Protection Plug-In for RS485"
350,SE-ACT-0750-50,1,"2020-04-30 19:37:00.000000",17,1,1,NULL,NULL,1596,"50A Split-Core Current Transformer"
351,SE-1000-RS485-IF,1,"2020-04-30 19:37:00.000000",17,1,1,NULL,NULL,4368,"RS485 Plug-In for inverters with a display *"
352,"CS3U 365P",1,"2020-04-30 19:37:00.000000",3,1,3,85414011,365,23,"Poly-crystalline with 1500V (IEC/UL) or 1000V (IEC/UL) voltage and 144 cell"
353,"FRONIUS SYMO 7.0-3-M Full",1,"2020-04-30 19:37:00.000000",8,1,5,85044090,NULL,NULL,"Three Phase Inverter with Data Manager, Efficiency : 97.3 %, 7.0 kW, Input DC Voltage: 325/1000,  Input Current (A): 50, MPPT: 2"
354,"42V 2A Plastic Case Charger",1,"2020-04-30 19:37:00.000000",21,1,1,85044030,NULL,NULL,NULL
355,"INVNMC 3615 36V 15Ah E-Bike Battery",1,"2020-04-30 19:37:00.000000",21,1,7,85076000,NULL,NULL,NULL
356,"INVNMC 3618 36V 18Ah E-Bike Battery",1,"2020-04-30 19:37:00.000000",21,1,7,85076000,NULL,NULL,NULL
357,SE-CTS-2000-1000,1,"2020-04-30 19:37:00.000000",17,1,1,NULL,NULL,8610,"1000A Split-Core Current Transformer"
358,"Fronius Smart Meter 63A-1",1,"2020-04-30 19:37:00.000000",8,1,1,8504,NULL,5700,NULL
359,"BETAflam Solar 125 RV flex 10 Sqmm 1500 V DC black",1,"2020-04-30 19:37:00.000000",23,1,2,85446090,NULL,NULL,NULL
360,"leoni  Modbus cable",1,"2020-04-30 19:37:00.000000",23,1,2,NULL,NULL,NULL,NULL
361,"SPANNER 1-100",1,"2020-04-30 19:37:00.000000",5,1,1,NULL,NULL,NULL,NULL
362,CS3K-P300,1,"2020-04-30 19:37:00.000000",3,1,3,85414011,300,23,NULL
363,"CS3K P295",1,"2020-04-30 19:37:00.000000",3,1,3,85414011,295,23,NULL
364,SE8K-IN0TEBNN4,1,"2020-04-30 19:37:00.000000",17,1,5,85044090,NULL,75266.52,"Three Phase Inverter, 8.0kW, Inverters with SetApp configuration *"
365,"3S6 380M",1,"2020-04-30 19:37:00.000000",15,1,3,85414011,380,22,"Mono Crystalline Silicon Module with 1000 V Vdc,  Highly reliable anti-reflective coated glass, IP67 Junction Box"
366,"BYOB 16 KW",1,"2020-04-30 19:37:00.000000",5,1,1,NULL,NULL,NULL,NULL
367,"CS3W 405P",1,"2020-04-30 19:37:00.000000",3,1,3,85414011,405,24,"Poly-crystalline with 1500V (IEC/UL) or 1000V (IEC/UL) voltage and 144 cell"
368,"Fronius Smart Solar Power Generation Control System",1,"2020-04-30 19:37:00.000000",8,1,1,8504,NULL,NULL,NULL
369,"CS3W 410P",1,"2020-04-30 19:37:00.000000",3,1,3,85414011,410,24,"Poly-crystalline with 1500V (IEC/UL) or 1000V (IEC/UL) voltage and 144 cell"
370,"Aerocompact Cable Tie",1,"2020-04-30 19:37:00.000000",24,1,1,NULL,NULL,NULL,NULL
371,"Aerocompact Endclamp Click CLE10",1,"2020-04-30 19:37:00.000000",24,1,1,NULL,NULL,NULL,NULL
372,"Aerocompact Height Adapter EL05",1,"2020-04-30 19:37:00.000000",24,1,1,NULL,NULL,NULL,NULL
373,"Aerocompact Locking Set LSP",1,"2020-04-30 19:37:00.000000",24,1,1,NULL,NULL,NULL,NULL
374,"Aerocompact Middleclamp Click CLM10",1,"2020-04-30 19:37:00.000000",24,1,1,NULL,NULL,NULL,NULL
375,"Aerocompact Sheet Bridge TL38",1,"2020-04-30 19:37:00.000000",24,1,1,NULL,NULL,NULL,NULL
376,"Aerocompact Structure",1,"2020-04-30 19:37:00.000000",24,1,1,NULL,NULL,NULL,NULL
377,"Aerocompact Tilt Adapter Back 100MM PM",1,"2020-04-30 19:37:00.000000",24,1,1,NULL,NULL,NULL,NULL
378,"Aerocompact Tilt Adapter Front 20MM PS",1,"2020-04-30 19:37:00.000000",24,1,1,NULL,NULL,NULL,NULL
379,"Aerocompact Trapezoid Saftery Screw",1,"2020-04-30 19:37:00.000000",24,1,1,NULL,NULL,NULL,NULL
380,"3M6 270P",1,"2020-04-30 19:37:00.000000",15,1,3,85414011,270,18.5,
381,"Inverted Li+ Battery Pack (51.8V 105Ah)",1,"2020-04-30 19:37:00.000000",21,1,7,85076000,NULL,NULL,NULL
382,"Inverted Li+ Battery Pack (51.8V 90Ah)",1,"2020-04-30 19:37:00.000000",21,1,7,85076000,NULL,NULL,NULL
383,P800-RM4MRM,1,"2020-04-30 19:37:00.000000",17,1,1,85044090,NULL,2688,"For high power/bi-facial, 2 in series, 120V"
384,"Inverted Li+ Battery Pack (48V 26Ah)",1,"2020-04-30 19:37:00.000000",21,1,7,85076000,NULL,NULL,NULL
385,"Inverted Li+ Battery Pack (48V 29Ah)",1,"2020-04-30 19:37:00.000000",21,1,7,85076000,NULL,NULL,NULL
386,"Inverted Li+ Battery Pack (48V 32Ah)",1,"2020-04-30 19:37:00.000000",21,1,7,85076000,NULL,NULL,NULL
387,"Inverted Li+ Battery Pack (60V 26Ah)",1,"2020-04-30 19:37:00.000000",21,1,7,85076000,NULL,NULL,NULL
388,"Inverted Li+ Battery Pack (60V 29Ah)",1,"2020-04-30 19:37:00.000000",21,1,7,85076000,NULL,NULL,NULL
389,"Inverted Li+ Battery Pack (72V 23Ah)",1,"2020-04-30 19:37:00.000000",21,1,7,85076000,NULL,NULL,NULL
390,"Inverted Li+ Battery Pack (72V 30Ah)",1,"2020-04-30 19:37:00.000000",21,1,7,85076000,NULL,NULL,NULL
391,"3M6 325P DCR",1,"2020-04-30 19:37:00.000000",15,1,3,85414011,325,22,"High performance Multi-Crystalline Silicon Modules, 72 cells DCR PV Modules"
394,"HOT DIP GALVANIZED STRUCTURE",1,"2020-04-30 19:37:00.000000",1,1,1,NULL,NULL,NULL,NULL
395,"P730-4RM4MRM
",1,"2020-04-30 19:37:00.000000",17,1,1,NULL,NULL,NULL,NULL
396,"P730-5RM4MRM
",1,"2020-04-30 19:37:00.000000",17,1,1,NULL,NULL,NULL,NULL
397,P850-4RM4MBY,1,"2020-04-30 19:37:00.000000",17,1,1,85044090,NULL,2743.44,"For high power/bi-facial, 2 in series, 120V, output cable length 2.2m"
398,SE-ACT-0750-250,1,"2020-04-30 19:37:00.000000",17,1,1,NULL,NULL,NULL,"250A Split-Core Current Transformer"
399,SE1000-CCG-G-S1,1,"2020-04-30 19:37:00.000000",17,1,1,NULL,NULL,24192,"Commercial Gateway *"
400,"MC4 Solar Connector (Ro-1)",1,"2020-04-30 19:37:00.000000",23,1,1,NULL,NULL,NULL,NULL
401,"Motorised Cycle Without Battery",1,"2020-04-30 19:37:00.000000",5,1,1,NULL,NULL,NULL,NULL
402,"3M6 330P DCR",1,"2020-04-30 19:37:00.000000",15,1,3,85414011,330,22,"High performance Multi-Crystalline Silicon Modules, 72 cells DCR PV Modules"
403,"LEONI 4MM Solar Connector (B) @5%",1,"2020-04-30 19:37:00.000000",23,1,2,85446090,NULL,NULL,NULL
404,"LEONI 4MM Solar Connector (R) @5%",1,"2020-04-30 19:37:00.000000",23,1,2,85446090,NULL,NULL,NULL
405,SE-RS485-SPD2-K2,1,"2020-04-30 19:37:00.000000",17,1,1,NULL,NULL,NULL,"Surge Protection Plug-In for RS485"
406,SE-RS485-SPD2-K1,1,"2020-04-30 19:37:00.000000",17,1,1,NULL,NULL,5292,"Surge Protection Plug-In for RS485 for Three Phase Inverters (5pcs)"
407,"X3 10.0-D-E HYBRID INVERTER",1,"2020-04-30 19:37:00.000000",6,1,5,85044090,NULL,NULL,
408,"IQ7+ Micro Inverter",1,"2020-04-30 19:37:00.000000",14,1,8,NULL,NULL,NULL,"IQ 7+ microinverter for INT market (UK grid-profile), compatible
with 60-cell and 72-cell PV modules, 295VA peak power, MC4 DC
Connectors."
409,P850-4RMXMBY,1,"2020-04-30 19:37:00.000000",17,1,1,85044090,NULL,NULL,"For high power/bi-facial, 2 in series, 120V, output 2.2m, input 1.3m"
410,"CS3W 415P",1,"2020-04-30 19:37:00.000000",3,1,3,85414011,415,24,"Poly-crystalline with 1500V (IEC/UL) or 1000V (IEC/UL) voltage and 144 cell"
411,P730-5RMLMRX,1,"2020-04-30 19:37:00.000000",17,1,1,85044090,NULL,NULL,"For 72 cells, 2 in series (portrait), 125V, output 2.2m, input 0.9m"
412,"3M6 355M",1,"2020-04-30 19:37:00.000000",15,1,3,85414011,355,22,"Mono Crystalline Silicon Module with 1000 V Vdc,  Highly reliable anti-reflective coated glass"
413,P730-4RM4MRY-NM31,1,"2020-04-30 19:37:00.000000",17,1,1,85044090,NULL,NULL,"For 72 cells, 2 in series (portrait), 125V, output 2.2m, input 0.16m"
414,P730-4RMLMRY-NM30,1,"2020-04-30 19:37:00.000000",17,1,1,85044090,NULL,NULL,"For 72 cells, 2 in series (portrait), 125V, output 2.2m, input 0.9m"
415,"SE27.6K IN000BNN4",1,"2020-04-30 19:37:00.000000",17,1,5,85044090,NULL,NULL,NULL
416,"Envoy Monitoring Solutions",1,"2020-04-30 19:37:00.000000",14,1,1,85044090,NULL,NULL,"Envoy-S, Metered: APAC, EMEA. Single and multi phase
metering with 1% accuracy. "
417,"3M6 335P DCR",1,"2020-04-30 19:37:00.000000",15,1,3,85414011,335,22,"High performance Multi-Crystalline Silicon Modules, 72 cells DCR PV Modules"
418,Dealership,1,"2020-07-31 07:02:22.000000",25,1,9,NULL,NULL,NULL,NULL
419,"3M6 335P",1,"2020-10-13 05:39:13.748337",15,1,3,85414011,335,18.5,"Poly Crystalline Silicon Module with 1000 V Vdc, Highly reliable anti-reflective coated glass, IP67 Junction Box"
420,"SE3000H DCDB 1 IN /1 OUT Array Junction Box With Single SPD 600VDC",1,"2020-10-14 10:03:03.328392",26,1,1,85042310,NULL,NULL,"Tier one Grade components with 100% copper wiring IP65 Box "
421,"SE4000H Single Phase",1,"2020-10-14 10:03:27.697664",17,1,5,85044090,NULL,NULL,NULL
422,"SE5K Three Phase",1,"2020-10-14 10:03:47.366117",17,1,5,85044090,NULL,NULL,NULL
423,"SE3000H ACDB PANEL SINGLE PHASE WITHOUT INDICATION",1,"2020-10-14 10:10:03.210371",26,1,1,85371000,NULL,NULL,"Tier one Grade components with 100% copper wiring for indoor/outdoor"
424,"SE3000H ACDB PANEL SINGLE PHASE WITH INDICATION",1,"2020-10-14 10:13:32.721725",26,1,1,85371000,NULL,NULL,"Tier one Grade components with 100% copper wiring for indoor/outdoor"
425,"SE4000H DCDB 1 IN /1 OUT Array Junction Box With Single SPD 600VDC",1,"2020-10-14 10:14:02.462524",26,1,1,85042310,NULL,NULL,"Tier one Grade components with 100% copper wiring IP65 Box "
426,"SE4000H ACDB PANEL SINGLE PHASE without indication",1,"2020-10-14 11:28:28.897153",26,1,1,85371000,NULL,NULL,"Tier one Grade components with 100% copper wiring for indoor/outdoor"
427,"SE4000H ACDB PANEL SINGLE PHASE without indication",1,"2020-10-14 11:28:52.117969",26,1,1,NULL,NULL,NULL,NULL
428,"SE5K DCDB 1 IN /1 OUT Array Junction Box With Single SPD 1000VDC",1,"2020-10-14 11:29:24.045282",26,1,1,85042310,NULL,NULL,"Tier one Grade components with 100% copper wiring IP65 Box "
429,"SE5K ACDB PANEL THREE PHASE without indication",1,"2020-10-14 11:29:48.057308",26,1,1,85371000,NULL,NULL,"Tier one Grade components with 100% copper wiring for indoor/outdoor"
430,"SE5K ACDB PANEL THREE PHASE with indication",1,"2020-10-14 11:30:15.049863",26,1,1,85371000,NULL,NULL,"Tier one Grade components with 100% copper wiring for indoor/outdoor"
431,"SE8K DCDB 1 IN /1 OUT Array Junction Box With Single SPD 1000VDC",1,"2020-10-14 11:30:50.033561",26,1,1,85042310,NULL,NULL,"Tier one Grade components with 100% copper wiring IP65 Box "
432,"SE8K ACDB PANEL THREE PHASE without Indication",1,"2020-10-14 11:31:10.221947",26,1,1,85371000,NULL,NULL,"Tier one Grade components with 100% copper wiring for indoor/outdoor"
433,"SE8K ACDB PANEL THREE PHASE with indication",1,"2020-10-14 11:31:35.808371",26,1,1,85371000,NULL,NULL,"Tier one Grade components with 100% copper wiring for indoor/outdoor"
434,"SE10K DCDB 1 IN /1 OUT Array Junction Box With Single SPD 1000VDC",1,"2020-10-14 11:32:03.409987",26,1,1,85042310,NULL,NULL,"Tier one Grade components with 100% copper wiring IP65 Box "
435,"SE10K ACDB PANEL THREE PHASE without INDICATION",1,"2020-10-14 11:32:27.937689",26,1,1,85371000,NULL,NULL,"Tier one Grade components with 100% copper wiring for indoor/outdoor"
436,"SE10K ACDB PANEL THREE PHASE With indication",1,"2020-10-14 11:32:50.412010",26,1,1,85371000,NULL,NULL,"Tier one Grade components with 100% copper wiring for indoor/outdoor"
437,"SE17K DCDB 2 IN /2 OUT Array Junction Box With single SPD",1,"2020-10-14 11:33:20.831913",26,1,1,85042310,NULL,NULL,"Tier one Grade components with 100% copper wiring IP65 Box "
438,"SE17K ACDB PANEL THREE PHASE without indication",1,"2020-10-14 11:33:48.041487",26,1,1,85371000,NULL,NULL,"Tier one Grade components with 100% copper wiring for indoor/outdoor"
439,"SE17K ACDB PANEL THREE PHASE With indication",1,"2020-10-14 11:34:11.866004",26,1,1,85371000,NULL,NULL,"Tier one Grade components with 100% copper wiring for indoor/outdoor"
441,"SE27.6K ACDB PANEL THREE PHASE without indication",1,"2020-10-14 11:35:05.033168",26,1,1,85371000,NULL,NULL,"Tier one Grade components with 100% copper wiring for indoor/outdoor"
442,"SE27.6K ACDB PANEL THREE PHASE with indication",1,"2020-10-14 11:35:39.447193",26,1,1,85371000,NULL,NULL,"Tier one Grade components with 100% copper wiring for indoor/outdoor"
443,"SE55K DCDB 6 IN /6 OUT Array Junction Box With Double SPD",1,"2020-10-14 11:36:35.600573",26,1,1,85042310,NULL,NULL,"Tier one Grade components with 100% copper wiring IP65 Box "
444,"SE55K ACDB 3 PHASE without indication",1,"2020-10-14 11:37:00.516452",26,1,1,85371000,NULL,NULL,"Tier one Grade components with 100% copper wiring for indoor/outdoor"
445,"SE55K ACDB 3 PHASE with indication",1,"2020-10-14 11:37:26.993272",26,1,1,85371000,NULL,NULL,"Tier one Grade components with 100% copper wiring for indoor/outdoor"
446,"SE82.8K DCDB 9IN /9 OUT Array Junction Box With 3 Nos. SPD",1,"2020-10-14 11:38:28.403799",26,1,1,85042310,NULL,NULL,"Tier one Grade components with 100% copper wiring IP65 Box "
447,"SE82.8K ACDB 3 PHASE without indication MCCB 10KA",1,"2020-10-14 11:39:09.684893",26,1,1,85371000,NULL,NULL,"Tier one Grade components with 100% copper wiring for indoor/outdoor"
448,"SE82.8K ACDB 3 PHASE with indication MCCB 10KA",1,"2020-10-14 11:39:43.675300",26,1,1,85371000,NULL,NULL,"Tier one Grade components with 100% copper wiring for indoor/outdoor"
449,"SE82.8K ACDB 3 PHASE without indication MCCB 25KA",1,"2020-10-14 11:50:14.843300",26,1,1,85371000,NULL,NULL,"Tier one Grade components with 100% copper wiring for indoor/outdoor"
450,"SE82.8K ACDB 3 PHASE with indication MCCB 25KA",1,"2020-10-14 11:53:09.783361",26,1,1,85371000,NULL,NULL,"Tier one Grade components with 100% copper wiring for indoor/outdoor"
451,"SE17K DCDB 1 IN /1 OUT Array Junction Box With single SPD",1,"2020-10-14 11:56:59.794555",26,1,1,85042310,NULL,NULL,"Tier one Grade components with 100% copper wiring IP65 Box "
452,"SE27.6K DCDB  2 IN /2 OUT Array Junction Box With single SPD",1,"2020-10-14 11:58:15.586962",26,1,1,NULL,NULL,NULL,NULL
453,"SE27.6K DCDB  3 IN /3 OUT Array Junction Box With single SPD",1,"2020-10-14 11:58:34.265374",26,1,1,NULL,NULL,NULL,NULL
454,"SE55K DCDB 5 IN /5 OUT Array Junction Box With Double SPD",1,"2020-10-14 12:00:49.574030",26,1,1,85042310,NULL,NULL,"Tier one Grade components with 100% copper wiring IP65 Box "
455,"SE55K 4 IN /4 OUT Array Junction Box With Double SPD",1,"2020-10-14 12:01:21.064754",26,1,1,NULL,NULL,NULL,"Tier one Grade components with 100% copper wiring IP65 Box "
456,"SE82.8K DCDB 8 IN /8 OUT Array Junction Box With 3 Nos. SPD",1,"2020-10-14 12:01:59.903723",26,1,1,85042310,NULL,NULL,"Tier one Grade components with 100% copper wiring IP65 Box "
457,"SE82.8K DCDB 7 IN /7 OUT Array Junction Box With 3 Nos. SPD",1,"2020-10-14 12:02:16.061829",26,1,1,85042310,NULL,NULL,"Tier one Grade components with 100% copper wiring IP65 Box "
458,"3S6 385M",1,"2020-10-16 07:39:39.876575",15,1,3,85414011,385,22,"Mono Crystalline Silicon Module with 1000 V Vdc,  Highly reliable anti-reflective coated glass, IP67 Junction Box"
459,"3S6 390M",1,"2020-10-19 05:28:04.846941",15,1,3,85414011,390,22,"Mono Crystalline Silicon Module with 1000 V Vdc,  Highly reliable anti-reflective coated glass, IP67 Junction Box"
460,P950-4RM4MBY,1,"2020-10-19 10:17:54.525143",17,1,1,85044090,NULL,2859.36,"For high power/bi-facial, 2 in series, 120V, output cable length 2.2m (sold in box of 10, 540/pallet)"
461,P850-4RM4MBM,1,"2020-10-19 10:18:33.304703",17,1,1,85044090,NULL,2666.16,"Optimizer 850W/125V, In=MC4/0.16m,Out=MC4/1.2m"
462,SE10K-IN0TEBNN4,1,"2020-10-22 05:36:03.575780",17,1,5,85044090,NULL,60933.6,NULL
463,"CS3U 370P",1,"2020-10-23 10:35:33.399564",3,1,3,85414011,370,23,"Poly-crystalline with 1500V (IEC/UL) or 1000V (IEC/UL) voltage and 144 cell"
464,"IQ7 A Micro Inverter",1,"2020-10-26 08:21:52.624204",14,1,8,NULL,NULL,NULL,"Compartiable with 295W-460W Plus"
465,"Main Combiner Box 1- 4 IN/1 OUT 200A Outgoing",1,"2020-10-27 11:16:04.568227",26,1,1,NULL,NULL,NULL,"Tier one Grade components with 100% copper wiring for indoor/outdoor"
466,"Main Combiner Box 2- 4 IN/1 OUT 320A Outgoing",1,"2020-10-27 11:16:41.959021",26,1,1,NULL,NULL,NULL,"Tier one Grade components with 100% copper wiring for indoor/outdoor"
467,P404-4RM4MRM,1,"2020-11-06 09:58:21.243702",17,1,1,85044090,NULL,2839.2,"For 60/72 cells, 80V, output cable length 1.2m )"
468,"INSTALLATION & COMMISIONING CHARGES FOR SOLAR PLATE",1,"2020-11-19 06:23:23.194117",26,1,9,NULL,NULL,NULL,NULL
469,P801-4RM4MRY,1,"2020-12-08 10:05:54.691576",17,1,1,85044090,NULL,2627.52,"For 72 cells, 2 in series (portrait), 125V, output 2.2m"
470,"P950 - 4RMXMBY",1,"2020-12-22 09:52:58.879965",17,1,1,85044090,NULL,NULL,"For high power/bi-facial, 2 in series, 120V, output 2.2m, input 1.3m"
471,"Panasonic 330 Wp (DCR Modules)",1,"2020-12-22 11:13:57.423414",27,112,3,85414011,330,NULL,NULL
472,"Fronius Primo 3.6-1",1,"2020-12-23 10:54:12.410814",8,1,5,85044090,NULL,64140,"Single Phase Inverter with  97% efficiency, 3.6kW,  Input DC Voltage: 80/600 and  Input Current (A): 18"
473,P505-4RM4MRM,1,"2020-12-28 12:34:14.179845",17,112,1,85044090,NULL,NULL,NULL
474,SE-ANT-ZBWIFI-KIT,1,"2020-12-28 12:47:11.899898",17,112,1,NULL,NULL,8331.96,"Antenna kit for WiFi for Smart Energy (5pcs)"
475,P505-4RM4MBM,1,"2020-12-30 06:50:54.663814",17,1,1,85044090,NULL,3603.6,"For high current modules, up to 14A,  83V, output cable length 1.2m"
476,P730-4RM4MRY,1,"2020-12-30 06:52:44.543887",17,1,1,85044090,NULL,2499,"For 72 cells, 2 in series (portrait), 125V, output 2.2m"
477,P950-4RMXMBY,1,"2020-12-30 06:53:30.550474",17,1,1,85044090,NULL,2975.28,"For high power/bi-facial, 2 in series, 120V, output 2.2m, input 1.3m"
478,SE1000-SEN-IRR-S1,1,"2020-12-30 06:54:07.875745",17,1,1,NULL,NULL,19299.84,"Irradiance sensor 0-1.4V"
479,SE1000-SEN-TMOD-S2,1,"2020-12-30 06:54:28.562897",17,1,1,NULL,NULL,25200,"Module temperature sensor 4-20mA"
480,"CS3W 430 MS",1,"2021-01-08 10:31:24.838464",3,1,3,85414011,430,24,"Mono-crystalline with 1500V (IEC/UL) or 1000V (IEC/UL) voltage and 144 cell"
481,"CS3W 435 MS",1,"2021-01-08 10:41:24.211665",3,1,3,85414011,435,24,"Mono-crystalline with 1500V (IEC/UL) or 1000V (IEC/UL) voltage and 144 cell"
482,"CS3W 440 MS",1,"2021-01-08 10:46:19.823967",3,1,3,85414011,440,24,"Poly-crystalline with 1500V (IEC/UL) or 1000V (IEC/UL) voltage and 144 cell"
483,"CS3W 445 MS",1,"2021-01-08 10:49:58.330554",3,1,3,85414011,445,24,"Mono-crystalline with 1500V (IEC/UL) or 1000V (IEC/UL) voltage and 144 cell"
484,"CS3W 450 MS",1,"2021-01-08 10:51:50.765177",3,1,3,85414011,450,24,"Mono-crystalline with 1500V (IEC/UL) or 1000V (IEC/UL) voltage and 144 cell"
485,"CS3W 455 MS",1,"2021-01-08 10:53:40.883419",3,1,3,85414011,455,24,"Mono-crystalline with 1500V (IEC/UL) or 1000V (IEC/UL) voltage and 144 cell"
486,"CS3W 395P",1,"2021-01-08 11:09:29.636875",3,1,3,85414011,395,23,"Poly-crystalline with 1500V (IEC/UL) or 1000V (IEC/UL) voltage and 144 cell"
491,"CS3W 420P",1,"2021-01-12 09:08:27.068764",3,112,3,85414011,420,24,"Poly-crystalline with 1500V (IEC/UL) or 1000V (IEC/UL) voltage and 144 cell"
492,P401-5RM4MRM,1,"2021-01-19 05:35:39.841772",17,112,1,85044090,401,2536.59,"For 60/72 cell high power modules, 60V, output cable length 1.2m"
493,"ISM370 Solarone",1,"2021-01-22 12:07:20.349577",26,112,4,85371000,NULL,NULL,"Solar System with canadian panel and Enphase micro-inverter along with stucture and its Accessories "
494,P800-4RMDMBL,1,"2021-01-27 06:26:34.923029",17,1,1,85044090,NULL,NULL,"For high power/bi-facial, 2 in series, 120V"
